Title,Data Type,Latitude/Longitude,Last updated,Station ID,Water level (MLLW),Water level (MHHW),Event
PORT MANATEE,tidal gauge (historical),27.6387/-82.5621,2027-09-15 16:20:05.020921,8726384,1.6915499999999999,,Olivia
PORT MANATEE,tidal gauge (historical),27.6387/-82.5621,2027-09-15 13:39:24.853556,8726384,1.5552,,Olivia
PORT MANATEE,tidal gauge (historical),27.6387/-82.5621,2027-09-15 01:52:28.117155,8726384,4.56165,,Olivia
PORT MANATEE,tidal gauge (historical),27.6387/-82.5621,2027-09-18 11:32:53.221757,8726384,5.55795,2.6217,Olivia
PORT MANATEE,tidal gauge (historical),27.6387/-82.5621,2027-09-17 06:53:43.430962,8726384,3.105,,Olivia
PORT MANATEE,tidal gauge (historical),27.6387/-82.5621,2027-09-16 17:22:20.585774,8726384,4.1634,,Olivia
PORT MANATEE,tidal gauge (historical),27.6387/-82.5621,2027-09-17 11:34:53.723849,8726384,4.132350000000001,,Olivia
PORT MANATEE,tidal gauge (historical),27.6387/-82.5621,2027-09-15 12:51:12.803347,8726384,1.70505,,Olivia
PORT MANATEE,tidal gauge (historical),27.6387/-82.5621,2027-09-17 21:45:26.359833,8726384,5.8239,,Olivia
PORT MANATEE,tidal gauge (historical),27.6387/-82.5621,2027-09-15 16:52:13.054393,8726384,1.7631000000000001,,Olivia
PORT MANATEE,tidal gauge (historical),27.6387/-82.5621,2027-09-18 05:55:28.870293,8726384,5.346,2.40975,Olivia
PORT MANATEE,tidal gauge (historical),27.6387/-82.5621,2027-09-15 02:40:40.167364,8726384,4.610250000000001,,Olivia
PORT MANATEE,tidal gauge (historical),27.6387/-82.5621,2027-09-17 11:26:51.715481,8726384,4.11075,,Olivia
PORT MANATEE,tidal gauge (historical),27.6387/-82.5621,2027-09-17 12:07:01.757322,8726384,4.2957,,Olivia
PORT MANATEE,tidal gauge (historical),27.6387/-82.5621,2027-09-18 16:30:07.531381,8726384,9.12465,6.187050000000001,Olivia
PORT MANATEE,tidal gauge (historical),27.6387/-82.5621,2027-09-15 05:53:28.368201,8726384,4.34025,,Olivia
PORT MANATEE,tidal gauge (historical),27.6387/-82.5621,2027-09-16 00:22:05.523013,8726384,3.2913000000000006,,Olivia
PORT MANATEE,tidal gauge (historical),27.6387/-82.5621,2027-09-16 22:59:44.937238,8726384,2.08575,,Olivia
PORT MANATEE,tidal gauge (historical),27.6387/-82.5621,2027-09-18 17:02:15.564854,8726384,9.67275,6.7365,Olivia
PORT MANATEE,tidal gauge (historical),27.6387/-82.5621,2027-09-18 15:33:53.472803,8726384,8.2161,5.279850000000001,Olivia
PORT MANATEE,tidal gauge (historical),27.6387/-82.5621,2027-09-15 06:17:34.393305,8726384,4.2336,,Olivia
PORT MANATEE,tidal gauge (historical),27.6387/-82.5621,2027-09-15 12:19:04.769874,8726384,1.8562500000000002,,Olivia
PORT MANATEE,tidal gauge (historical),27.6387/-82.5621,2027-09-16 23:47:56.987448,8726384,2.00205,,Olivia
PORT MANATEE,tidal gauge (historical),27.6387/-82.5621,2027-09-15 08:50:12.552301,8726384,3.26025,,Olivia
PORT MANATEE,tidal gauge (historical),27.6387/-82.5621,2027-09-18 05:15:18.828452,8726384,5.386500000000001,2.4489,Olivia
PORT MANATEE,tidal gauge (historical),27.6387/-82.5621,2027-09-15 14:27:36.903766,8726384,1.4931000000000003,,Olivia
PORT MANATEE,tidal gauge (historical),27.6387/-82.5621,2027-09-16 22:35:38.912134,8726384,2.24505,,Olivia
PORT MANATEE,tidal gauge (historical),27.6387/-82.5621,2027-09-17 10:06:31.631799,8726384,4.0743,,Olivia
PORT MANATEE,tidal gauge (historical),27.6387/-82.5621,2027-09-16 11:44:56.234310,8726384,4.5981000000000005,,Olivia
PORT MANATEE,tidal gauge (historical),27.6387/-82.5621,2027-09-17 16:56:14.058577,8726384,4.7439,,Olivia
PORT MANATEE,tidal gauge (historical),27.6387/-82.5621,2027-09-15 01:20:20.083682,8726384,4.548150000000001,,Olivia
PORT MANATEE,tidal gauge (historical),27.6387/-82.5621,2027-09-16 05:43:25.857741,8726384,3.8758500000000002,,Olivia
PORT MANATEE,tidal gauge (historical),27.6387/-82.5621,2027-09-17 04:05:01.255230,8726384,2.44485,,Olivia
PORT MANATEE,tidal gauge (historical),27.6387/-82.5621,2027-09-18 12:29:07.280335,8726384,5.996700000000001,3.06045,Olivia
PORT MANATEE,tidal gauge (historical),27.6387/-82.5621,2027-09-16 16:18:04.518828,8726384,4.4199,,Olivia
PORT MANATEE,tidal gauge (historical),27.6387/-82.5621,2027-09-17 05:57:29.372385,8726384,3.1495500000000005,,Olivia
PORT MANATEE,tidal gauge (historical),27.6387/-82.5621,2027-09-18 21:59:29.874477,8726384,10.146600000000001,7.210350000000001,Olivia
PORT MANATEE,tidal gauge (historical),27.6387/-82.5621,2027-09-18 15:57:59.497908,8726384,8.614350000000002,5.678100000000001,Olivia
PORT MANATEE,tidal gauge (historical),27.6387/-82.5621,2027-09-17 03:56:59.246862,8726384,2.44485,,Olivia
PORT MANATEE,tidal gauge (historical),27.6387/-82.5621,2027-09-15 02:16:34.142259,8726384,4.57515,,Olivia
PORT MANATEE,tidal gauge (historical),27.6387/-82.5621,2027-09-18 10:52:43.179916,8726384,5.0355,2.09925,Olivia
PORT MANATEE,tidal gauge (historical),27.6387/-82.5621,2027-09-16 03:10:47.698745,8726384,3.5964000000000005,,Olivia
PORT MANATEE,tidal gauge (historical),27.6387/-82.5621,2027-09-18 09:40:25.104603,8726384,4.477950000000001,1.5417,Olivia
PORT MANATEE,tidal gauge (historical),27.6387/-82.5621,2027-09-17 09:10:17.573222,8726384,3.5694000000000004,,Olivia
PORT MANATEE,tidal gauge (historical),27.6387/-82.5621,2027-09-17 16:48:12.050209,8726384,4.752000000000001,,Olivia
PORT MANATEE,tidal gauge (historical),27.6387/-82.5621,2027-09-15 14:43:40.920502,8726384,1.5012000000000003,,Olivia
PORT MANATEE,tidal gauge (historical),27.6387/-82.5621,2027-09-17 00:52:13.054393,8726384,1.9399500000000003,,Olivia
PORT MANATEE,tidal gauge (historical),27.6387/-82.5621,2027-09-18 23:11:47.949791,8726384,9.35415,6.4178999999999995,Olivia
PORT MANATEE,tidal gauge (historical),27.6387/-82.5621,2027-09-16 06:47:41.924686,8726384,4.0041,,Olivia
PORT MANATEE,tidal gauge (historical),27.6387/-82.5621,2027-09-15 01:36:24.100418,8726384,4.55355,,Olivia
PORT MANATEE,tidal gauge (historical),27.6387/-82.5621,2027-09-15 11:54:58.744770,8726384,1.971,,Olivia
PORT MANATEE,tidal gauge (historical),27.6387/-82.5621,2027-09-16 16:34:08.535565,8726384,4.371300000000001,,Olivia
PORT MANATEE,tidal gauge (historical),27.6387/-82.5621,2027-09-15 01:44:26.108787,8726384,4.5171,,Olivia
PORT MANATEE,tidal gauge (historical),27.6387/-82.5621,2027-09-15 14:35:38.912134,8726384,1.50525,,Olivia
PORT MANATEE,tidal gauge (historical),27.6387/-82.5621,2027-09-18 02:58:44.686192,8726384,5.819850000000001,,Olivia
PORT MANATEE,tidal gauge (historical),27.6387/-82.5621,2027-09-16 07:35:53.974895,8726384,4.091850000000001,,Olivia
PORT MANATEE,tidal gauge (historical),27.6387/-82.5621,2027-09-18 06:59:44.937238,8726384,5.058450000000001,2.1222000000000003,Olivia
PORT MANATEE,tidal gauge (historical),27.6387/-82.5621,2027-09-15 15:15:48.953975,8726384,1.5363,,Olivia
PORT MANATEE,tidal gauge (historical),27.6387/-82.5621,2027-09-18 17:18:19.581590,8726384,9.9252,6.98895,Olivia
PORT MANATEE,tidal gauge (historical),27.6387/-82.5621,2027-09-17 13:43:25.857741,8726384,4.4469,,Olivia
PORT MANATEE,tidal gauge (historical),27.6387/-82.5621,2027-09-17 07:17:49.456067,8726384,3.16305,,Olivia
PORT MANATEE,tidal gauge (historical),27.6387/-82.5621,2027-09-17 19:12:48.200837,8726384,5.0895,,Olivia
PORT MANATEE,tidal gauge (historical),27.6387/-82.5621,2027-09-18 00:18:04.518828,8726384,5.94405,,Olivia
PORT MANATEE,tidal gauge (historical),27.6387/-82.5621,2027-09-18 06:19:34.895397,8726384,5.19075,2.2545,Olivia
PORT MANATEE,tidal gauge (historical),27.6387/-82.5621,2027-09-16 11:28:52.217573,8726384,4.58865,,Olivia
PORT MANATEE,tidal gauge (historical),27.6387/-82.5621,2027-09-16 20:11:02.761506,8726384,3.06045,,Olivia
PORT MANATEE,tidal gauge (historical),27.6387/-82.5621,2027-09-18 08:20:05.020921,8726384,4.85055,1.9129500000000002,Olivia
PORT MANATEE,tidal gauge (historical),27.6387/-82.5621,2027-09-17 10:22:35.648536,8726384,4.2525,,Olivia
PORT MANATEE,tidal gauge (historical),27.6387/-82.5621,2027-09-15 06:57:44.435146,8726384,4.000050000000001,,Olivia
PORT MANATEE,tidal gauge (historical),27.6387/-82.5621,2027-09-18 12:21:05.271967,8726384,5.95755,3.0213,Olivia
PORT MANATEE,tidal gauge (historical),27.6387/-82.5621,2027-09-15 17:40:25.104603,8726384,1.9089,,Olivia
PORT MANATEE,tidal gauge (historical),27.6387/-82.5621,2027-09-15 04:49:12.301255,8726384,4.56705,,Olivia
PORT MANATEE,tidal gauge (historical),27.6387/-82.5621,2027-09-15 17:48:27.112971,8726384,1.9494,,Olivia
PORT MANATEE,tidal gauge (historical),27.6387/-82.5621,2027-09-16 07:43:55.983264,8726384,4.132350000000001,,Olivia
PORT MANATEE,tidal gauge (historical),27.6387/-82.5621,2027-09-18 06:03:30.878661,8726384,5.256900000000001,2.32065,Olivia
PORT MANATEE,tidal gauge (historical),27.6387/-82.5621,2027-09-18 05:39:24.853556,8726384,5.346,2.40975,Olivia
PORT MANATEE,tidal gauge (historical),27.6387/-82.5621,2027-09-18 10:28:37.154812,8726384,4.761450000000001,1.8252000000000002,Olivia
PORT MANATEE,tidal gauge (historical),27.6387/-82.5621,2027-09-18 23:51:57.991632,8726384,8.942400000000001,6.00615,Olivia
PORT MANATEE,tidal gauge (historical),27.6387/-82.5621,2027-09-16 05:19:19.832636,8726384,3.8664,,Olivia
PORT MANATEE,tidal gauge (historical),27.6387/-82.5621,2027-09-15 16:12:03.012552,8726384,1.6740000000000002,,Olivia
PORT MANATEE,tidal gauge (historical),27.6387/-82.5621,2027-09-15 14:03:30.878661,8726384,1.49715,,Olivia
PORT MANATEE,tidal gauge (historical),27.6387/-82.5621,2027-09-18 05:23:20.836820,8726384,5.439150000000001,2.5029000000000003,Olivia
PORT MANATEE,tidal gauge (historical),27.6387/-82.5621,2027-09-15 00:00:00.000000,8726384,4.3146,,Olivia
PORT MANATEE,tidal gauge (historical),27.6387/-82.5621,2027-09-15 16:04:01.004184,8726384,1.6564500000000002,,Olivia
PORT MANATEE,tidal gauge (historical),27.6387/-82.5621,2027-09-18 19:26:51.715481,8726384,10.93095,7.9947,Olivia
PORT MANATEE,tidal gauge (historical),27.6387/-82.5621,2027-09-15 13:47:26.861925,8726384,1.51875,,Olivia
PORT MANATEE,tidal gauge (historical),27.6387/-82.5621,2027-09-17 22:09:32.384937,8726384,5.7753,,Olivia
PORT MANATEE,tidal gauge (historical),27.6387/-82.5621,2027-09-16 09:04:16.066946,8726384,4.3497,,Olivia
PORT MANATEE,tidal gauge (historical),27.6387/-82.5621,2027-09-16 18:18:34.644351,8726384,3.8394,,Olivia
PORT MANATEE,tidal gauge (historical),27.6387/-82.5621,2027-09-17 21:13:18.326360,8726384,5.598450000000001,,Olivia
PORT MANATEE,tidal gauge (historical),27.6387/-82.5621,2027-09-16 03:26:51.715481,8726384,3.6099,,Olivia
PORT MANATEE,tidal gauge (historical),27.6387/-82.5621,2027-09-17 20:33:08.284519,8726384,5.3946000000000005,,Olivia
PORT MANATEE,tidal gauge (historical),27.6387/-82.5621,2027-09-17 19:44:56.234310,8726384,5.29335,,Olivia
PORT MANATEE,tidal gauge (historical),27.6387/-82.5621,2027-09-18 06:27:36.903766,8726384,5.1556500000000005,2.2194,Olivia
PORT MANATEE,tidal gauge (historical),27.6387/-82.5621,2027-09-17 13:11:17.824268,8726384,4.4253,,Olivia
PORT MANATEE,tidal gauge (historical),27.6387/-82.5621,2027-09-18 13:09:17.322176,8726384,6.426,3.4897500000000004,Olivia
PORT MANATEE,tidal gauge (historical),27.6387/-82.5621,2027-09-17 14:07:31.882845,8726384,4.450950000000001,,Olivia
PORT MANATEE,tidal gauge (historical),27.6387/-82.5621,2027-09-18 01:22:20.585774,8726384,5.8779,,Olivia
PORT MANATEE,tidal gauge (historical),27.6387/-82.5621,2027-09-16 12:41:10.292887,8726384,4.8195,,Olivia
PORT MANATEE,tidal gauge (historical),27.6387/-82.5621,2027-09-17 07:41:55.481172,8726384,3.27375,,Olivia
PORT MANATEE,tidal gauge (historical),27.6387/-82.5621,2027-09-15 02:32:38.158996,8726384,4.610250000000001,,Olivia
PORT MANATEE,tidal gauge (historical),27.6387/-82.5621,2027-09-16 22:51:42.928870,8726384,2.14785,,Olivia
PORT MANATEE,tidal gauge (historical),27.6387/-82.5621,2027-09-17 01:08:17.071130,8726384,1.9399500000000003,,Olivia
PORT MANATEE,tidal gauge (historical),27.6387/-82.5621,2027-09-15 12:43:10.794979,8726384,1.7145000000000001,,Olivia
PORT MANATEE,tidal gauge (historical),27.6387/-82.5621,2027-09-18 13:41:25.355649,8726384,7.0200000000000005,4.08375,Olivia
PORT MANATEE,tidal gauge (historical),27.6387/-82.5621,2027-09-15 03:04:46.192469,8726384,4.65075,,Olivia
PORT MANATEE,tidal gauge (historical),27.6387/-82.5621,2027-09-16 18:02:30.627615,8726384,3.9636,,Olivia
PORT MANATEE,tidal gauge (historical),27.6387/-82.5621,2027-09-15 11:14:48.702929,8726384,2.22345,,Olivia
PORT MANATEE,tidal gauge (historical),27.6387/-82.5621,2027-09-17 18:16:34.142259,8726384,5.05305,,Olivia
PORT MANATEE,tidal gauge (historical),27.6387/-82.5621,2027-09-15 00:32:08.033473,8726384,4.3983,,Olivia
PORT MANATEE,tidal gauge (historical),27.6387/-82.5621,2027-09-17 18:56:44.184100,8726384,5.049,,Olivia
PORT MANATEE,tidal gauge (historical),27.6387/-82.5621,2027-09-17 03:48:57.238494,8726384,2.4894000000000003,,Olivia
PORT MANATEE,tidal gauge (historical),27.6387/-82.5621,2027-09-16 13:37:24.351464,8726384,4.8276,,Olivia
PORT MANATEE,tidal gauge (historical),27.6387/-82.5621,2027-09-18 08:04:01.004184,8726384,4.9342500000000005,1.998,Olivia
PORT MANATEE,tidal gauge (historical),27.6387/-82.5621,2027-09-18 10:12:33.138075,8726384,4.5792,1.6429500000000001,Olivia
PORT MANATEE,tidal gauge (historical),27.6387/-82.5621,2027-09-15 09:46:26.610879,8726384,2.8350000000000004,,Olivia
PORT MANATEE,tidal gauge (historical),27.6387/-82.5621,2027-09-17 17:12:18.075314,8726384,4.769550000000001,,Olivia
PORT MANATEE,tidal gauge (historical),27.6387/-82.5621,2027-09-17 03:32:53.221757,8726384,2.54205,,Olivia
PORT MANATEE,tidal gauge (historical),27.6387/-82.5621,2027-09-15 01:12:18.075314,8726384,4.49145,,Olivia
PORT MANATEE,tidal gauge (historical),27.6387/-82.5621,2027-09-16 17:30:22.594142,8726384,4.14585,,Olivia
PORT MANATEE,tidal gauge (historical),27.6387/-82.5621,2027-09-18 03:46:56.736402,8726384,5.802300000000001,2.8660500000000004,Olivia
PORT MANATEE,tidal gauge (historical),27.6387/-82.5621,2027-09-16 05:59:29.874477,8726384,3.9555000000000007,,Olivia
PORT MANATEE,tidal gauge (historical),27.6387/-82.5621,2027-09-17 04:21:05.271967,8726384,2.565,,Olivia
PORT MANATEE,tidal gauge (historical),27.6387/-82.5621,2027-09-17 07:49:57.489540,8726384,3.2859000000000003,,Olivia
PORT MANATEE,tidal gauge (historical),27.6387/-82.5621,2027-09-17 05:25:21.338912,8726384,2.99025,,Olivia
PORT MANATEE,tidal gauge (historical),27.6387/-82.5621,2027-09-18 21:35:23.849372,8726384,10.5192,7.58295,Olivia
PORT MANATEE,tidal gauge (historical),27.6387/-82.5621,2027-09-17 00:44:11.046025,8726384,1.9264500000000002,,Olivia
PORT MANATEE,tidal gauge (historical),27.6387/-82.5621,2027-09-15 06:01:30.376569,8726384,4.30515,,Olivia
PORT MANATEE,tidal gauge (historical),27.6387/-82.5621,2027-09-15 18:44:41.171548,8726384,2.13435,,Olivia
PORT MANATEE,tidal gauge (historical),27.6387/-82.5621,2027-09-18 00:34:08.535565,8726384,5.837400000000001,,Olivia
PORT MANATEE,tidal gauge (historical),27.6387/-82.5621,2027-09-18 04:27:06.778243,8726384,5.6160000000000005,2.6797500000000003,Olivia
PORT MANATEE,tidal gauge (historical),27.6387/-82.5621,2027-09-17 08:38:09.539749,8726384,3.4276500000000003,,Olivia
PORT MANATEE,tidal gauge (historical),27.6387/-82.5621,2027-09-16 17:38:24.602510,8726384,4.1013,,Olivia
PORT MANATEE,tidal gauge (historical),27.6387/-82.5621,2027-09-16 21:55:28.870293,8726384,2.48535,,Olivia
PORT MANATEE,tidal gauge (historical),27.6387/-82.5621,2027-09-15 07:21:50.460251,8726384,3.8704500000000004,,Olivia
PORT MANATEE,tidal gauge (historical),27.6387/-82.5621,2027-09-17 02:20:35.146444,8726384,2.2275,,Olivia
PORT MANATEE,tidal gauge (historical),27.6387/-82.5621,2027-09-18 10:36:39.163180,8726384,5.0355,2.09925,Olivia
PORT MANATEE,tidal gauge (historical),27.6387/-82.5621,2027-09-16 20:19:04.769874,8726384,3.0078000000000005,,Olivia
PORT MANATEE,tidal gauge (historical),27.6387/-82.5621,2027-09-18 14:05:31.380753,8726384,7.006500000000001,4.070250000000001,Olivia
PORT MANATEE,tidal gauge (historical),27.6387/-82.5621,2027-09-17 10:54:43.682008,8726384,4.1364,,Olivia
PORT MANATEE,tidal gauge (historical),27.6387/-82.5621,2027-09-15 14:59:44.937238,8726384,1.4836500000000001,,Olivia
PORT MANATEE,tidal gauge (historical),27.6387/-82.5621,2027-09-17 04:29:07.280335,8726384,2.6932500000000004,,Olivia
PORT MANATEE,tidal gauge (historical),27.6387/-82.5621,2027-09-15 16:36:09.037657,8726384,1.75365,,Olivia
PORT MANATEE,tidal gauge (historical),27.6387/-82.5621,2027-09-18 07:39:54.979079,8726384,5.05305,2.1168,Olivia
PORT MANATEE,tidal gauge (historical),27.6387/-82.5621,2027-09-17 03:16:49.205021,8726384,2.24505,,Olivia
PORT MANATEE,tidal gauge (historical),27.6387/-82.5621,2027-09-15 15:23:50.962343,8726384,1.5633,,Olivia
PORT MANATEE,tidal gauge (historical),27.6387/-82.5621,2027-09-16 01:02:15.564854,8726384,3.3345000000000007,,Olivia
PORT MANATEE,tidal gauge (historical),27.6387/-82.5621,2027-09-16 07:19:49.958159,8726384,4.03515,,Olivia
PORT MANATEE,tidal gauge (historical),27.6387/-82.5621,2027-09-15 08:26:06.527197,8726384,3.4506,,Olivia
PORT MANATEE,tidal gauge (historical),27.6387/-82.5621,2027-09-16 23:39:54.979079,8726384,1.9926000000000001,,Olivia
PORT MANATEE,tidal gauge (historical),27.6387/-82.5621,2027-09-18 04:43:10.794979,8726384,5.598450000000001,2.6622000000000003,Olivia
PORT MANATEE,tidal gauge (historical),27.6387/-82.5621,2027-09-16 03:58:59.748954,8726384,3.7206,,Olivia
PORT MANATEE,tidal gauge (historical),27.6387/-82.5621,2027-09-18 21:03:15.815900,8726384,10.824300000000001,7.888050000000001,Olivia
PORT MANATEE,tidal gauge (historical),27.6387/-82.5621,2027-09-15 21:41:25.355649,8726384,2.8390500000000003,,Olivia
PORT MANATEE,tidal gauge (historical),27.6387/-82.5621,2027-09-18 03:30:52.719665,8726384,5.802300000000001,,Olivia
PORT MANATEE,tidal gauge (historical),27.6387/-82.5621,2027-09-16 12:49:12.301255,8726384,4.8370500000000005,,Olivia
PORT MANATEE,tidal gauge (historical),27.6387/-82.5621,2027-09-17 08:46:11.548117,8726384,3.44115,,Olivia
PORT MANATEE,tidal gauge (historical),27.6387/-82.5621,2027-09-16 00:30:07.531381,8726384,3.29535,,Olivia
PORT MANATEE,tidal gauge (historical),27.6387/-82.5621,2027-09-17 09:50:27.615063,8726384,4.0527,,Olivia
PORT MANATEE,tidal gauge (historical),27.6387/-82.5621,2027-09-16 11:36:54.225941,8726384,4.6156500000000005,,Olivia
PORT MANATEE,tidal gauge (historical),27.6387/-82.5621,2027-09-16 05:35:23.849372,8726384,3.84885,,Olivia
PORT MANATEE,tidal gauge (historical),27.6387/-82.5621,2027-09-17 12:47:11.799163,8726384,4.2876,,Olivia
PORT MANATEE,tidal gauge (historical),27.6387/-82.5621,2027-09-17 00:36:09.037657,8726384,1.9359,,Olivia
PORT MANATEE,tidal gauge (historical),27.6387/-82.5621,2027-09-18 11:56:59.246862,8726384,5.70915,2.7729,Olivia
PORT MANATEE,tidal gauge (historical),27.6387/-82.5621,2027-09-15 19:24:51.213389,8726384,2.2504500000000003,,Olivia
PORT MANATEE,tidal gauge (historical),27.6387/-82.5621,2027-09-15 21:33:23.347280,8726384,2.7864000000000004,,Olivia
PORT MANATEE,tidal gauge (historical),27.6387/-82.5621,2027-09-17 19:36:54.225941,8726384,5.2488,,Olivia
PORT MANATEE,tidal gauge (historical),27.6387/-82.5621,2027-09-18 02:10:32.635983,8726384,5.846850000000001,,Olivia
PORT MANATEE,tidal gauge (historical),27.6387/-82.5621,2027-09-18 11:16:49.205021,8726384,5.279850000000001,2.3436000000000003,Olivia
PORT MANATEE,tidal gauge (historical),27.6387/-82.5621,2027-09-17 06:13:33.389121,8726384,3.26025,,Olivia
PORT MANATEE,tidal gauge (historical),27.6387/-82.5621,2027-09-18 08:52:13.054393,8726384,4.5441,1.6078500000000002,Olivia
PORT MANATEE,tidal gauge (historical),27.6387/-82.5621,2027-09-16 01:26:21.589958,8726384,3.3885,,Olivia
PORT MANATEE,tidal gauge (historical),27.6387/-82.5621,2027-09-15 17:32:23.096234,8726384,1.89135,,Olivia
PORT MANATEE,tidal gauge (historical),27.6387/-82.5621,2027-09-18 06:51:42.928870,8726384,5.142150000000001,2.2059,Olivia
PORT MANATEE,tidal gauge (historical),27.6387/-82.5621,2027-09-15 22:21:35.397490,8726384,2.9403,,Olivia
PORT MANATEE,tidal gauge (historical),27.6387/-82.5621,2027-09-15 04:17:04.267782,8726384,4.62375,,Olivia
PORT MANATEE,tidal gauge (historical),27.6387/-82.5621,2027-09-16 23:23:50.962343,8726384,2.01555,,Olivia
PORT MANATEE,tidal gauge (historical),27.6387/-82.5621,2027-09-18 11:08:47.196653,8726384,4.96935,2.0331,Olivia
PORT MANATEE,tidal gauge (historical),27.6387/-82.5621,2027-09-17 18:24:36.150628,8726384,5.027400000000001,,Olivia
PORT MANATEE,tidal gauge (historical),27.6387/-82.5621,2027-09-16 16:58:14.560669,8726384,4.2876,,Olivia
PORT MANATEE,tidal gauge (historical),27.6387/-82.5621,2027-09-18 18:14:33.640167,8726384,10.5327,7.59645,Olivia
PORT MANATEE,tidal gauge (historical),27.6387/-82.5621,2027-09-15 15:47:56.987448,8726384,1.6119,,Olivia
PORT MANATEE,tidal gauge (historical),27.6387/-82.5621,2027-09-16 20:43:10.794979,8726384,2.8431,,Olivia
PORT MANATEE,tidal gauge (historical),27.6387/-82.5621,2027-09-16 14:49:42.426778,8726384,4.6413,,Olivia
PORT MANATEE,tidal gauge (historical),27.6387/-82.5621,2027-09-16 23:31:52.970711,8726384,1.9845000000000002,,Olivia
PORT MANATEE,tidal gauge (historical),27.6387/-82.5621,2027-09-15 00:16:04.016736,8726384,4.353750000000001,,Olivia
PORT MANATEE,tidal gauge (historical),27.6387/-82.5621,2027-09-17 00:12:03.012552,8726384,1.9359,,Olivia
PORT MANATEE,tidal gauge (historical),27.6387/-82.5621,2027-09-15 03:28:52.217573,8726384,4.6548,,Olivia
PORT MANATEE,tidal gauge (historical),27.6387/-82.5621,2027-09-15 02:56:44.184100,8726384,4.6548,,Olivia
PORT MANATEE,tidal gauge (historical),27.6387/-82.5621,2027-09-15 09:38:24.602510,8726384,2.8917,,Olivia
PORT MANATEE,tidal gauge (historical),27.6387/-82.5621,2027-09-15 23:17:49.456067,8726384,3.1806,,Olivia
PORT MANATEE,tidal gauge (historical),27.6387/-82.5621,2027-09-18 08:44:11.046025,8726384,4.637250000000001,1.701,Olivia
PORT MANATEE,tidal gauge (historical),27.6387/-82.5621,2027-09-16 04:39:09.790795,8726384,3.8704500000000004,,Olivia
PORT MANATEE,tidal gauge (historical),27.6387/-82.5621,2027-09-15 05:37:24.351464,8726384,4.40235,,Olivia
PORT MANATEE,tidal gauge (historical),27.6387/-82.5621,2027-09-18 18:06:31.631799,8726384,10.47465,,Olivia
PORT MANATEE,tidal gauge (historical),27.6387/-82.5621,2027-09-15 09:54:28.619247,8726384,2.7769500000000003,,Olivia
PORT MANATEE,tidal gauge (historical),27.6387/-82.5621,2027-09-16 10:08:32.133891,8726384,4.4064,,Olivia
PORT MANATEE,tidal gauge (historical),27.6387/-82.5621,2027-09-15 17:56:29.121339,8726384,1.9885500000000003,,Olivia
PORT MANATEE,tidal gauge (historical),27.6387/-82.5621,2027-09-18 05:47:26.861925,8726384,5.35005,2.4138,Olivia
PORT MANATEE,tidal gauge (historical),27.6387/-82.5621,2027-09-16 08:40:10.041841,8726384,4.3227,,Olivia
PORT MANATEE,tidal gauge (historical),27.6387/-82.5621,2027-09-16 02:38:39.665272,8726384,3.5343,,Olivia
PORT MANATEE,tidal gauge (historical),27.6387/-82.5621,2027-09-18 01:06:16.569038,8726384,5.95755,,Olivia
PORT MANATEE,tidal gauge (historical),27.6387/-82.5621,2027-09-18 14:13:33.389121,8726384,7.05105,4.114800000000001,Olivia
PORT MANATEE,tidal gauge (historical),27.6387/-82.5621,2027-09-17 10:14:33.640167,8726384,4.15935,,Olivia
PORT MANATEE,tidal gauge (historical),27.6387/-82.5621,2027-09-18 07:07:46.945607,8726384,5.07195,2.13435,Olivia
PORT MANATEE,tidal gauge (historical),27.6387/-82.5621,2027-09-15 14:51:42.928870,8726384,1.4931000000000003,,Olivia
PORT MANATEE,tidal gauge (historical),27.6387/-82.5621,2027-09-16 03:18:49.707113,8726384,3.5964000000000005,,Olivia
PORT MANATEE,tidal gauge (historical),27.6387/-82.5621,2027-09-18 12:05:01.255230,8726384,,2.8566000000000003,Olivia
PORT MANATEE,tidal gauge (historical),27.6387/-82.5621,2027-09-18 03:22:50.711297,8726384,5.73615,,Olivia
PORT MANATEE,tidal gauge (historical),27.6387/-82.5621,2027-09-16 23:15:48.953975,8726384,2.0331,,Olivia
PORT MANATEE,tidal gauge (historical),27.6387/-82.5621,2027-09-16 01:42:25.606695,8726384,3.4276500000000003,,Olivia
PORT MANATEE,tidal gauge (historical),27.6387/-82.5621,2027-09-15 15:31:52.970711,8726384,1.5984,,Olivia
PORT MANATEE,tidal gauge (historical),27.6387/-82.5621,2027-09-15 15:55:58.995816,8726384,1.6294500000000003,,Olivia
PORT MANATEE,tidal gauge (historical),27.6387/-82.5621,2027-09-16 19:14:48.702929,8726384,3.402,,Olivia
PORT MANATEE,tidal gauge (historical),27.6387/-82.5621,2027-09-16 01:34:23.598326,8726384,3.3966000000000003,,Olivia
PORT MANATEE,tidal gauge (historical),27.6387/-82.5621,2027-09-16 18:10:32.635983,8726384,3.9015000000000004,,Olivia
PORT MANATEE,tidal gauge (historical),27.6387/-82.5621,2027-09-16 13:05:16.317992,8726384,4.82355,,Olivia
PORT MANATEE,tidal gauge (historical),27.6387/-82.5621,2027-09-15 10:58:44.686192,8726384,2.3247,,Olivia
PORT MANATEE,tidal gauge (historical),27.6387/-82.5621,2027-09-18 23:19:49.958159,8726384,9.261000000000001,6.32475,Olivia
PORT MANATEE,tidal gauge (historical),27.6387/-82.5621,2027-09-18 00:42:10.543933,8726384,5.8725,,Olivia
PORT MANATEE,tidal gauge (historical),27.6387/-82.5621,2027-09-15 11:46:56.736402,8726384,2.0817,,Olivia
PORT MANATEE,tidal gauge (historical),27.6387/-82.5621,2027-09-15 23:25:51.464435,8726384,3.2022,,Olivia
PORT MANATEE,tidal gauge (historical),27.6387/-82.5621,2027-09-18 08:12:03.012552,8726384,4.87215,1.9359,Olivia
PORT MANATEE,tidal gauge (historical),27.6387/-82.5621,2027-09-18 20:31:07.782427,8726384,11.045700000000002,8.10945,Olivia
PORT MANATEE,tidal gauge (historical),27.6387/-82.5621,2027-09-15 10:10:32.635983,8726384,2.6757,,Olivia
PORT MANATEE,tidal gauge (historical),27.6387/-82.5621,2027-09-18 07:15:48.953975,8726384,5.049,2.11275,Olivia
PORT MANATEE,tidal gauge (historical),27.6387/-82.5621,2027-09-16 00:14:03.514644,8726384,3.2913000000000006,,Olivia
PORT MANATEE,tidal gauge (historical),27.6387/-82.5621,2027-09-18 00:10:02.510460,8726384,5.89545,,Olivia
PORT MANATEE,tidal gauge (historical),27.6387/-82.5621,2027-09-16 16:26:06.527197,8726384,4.40235,,Olivia
PORT MANATEE,tidal gauge (historical),27.6387/-82.5621,2027-09-15 02:48:42.175732,8726384,4.619700000000001,,Olivia
PORT MANATEE,tidal gauge (historical),27.6387/-82.5621,2027-09-17 08:22:05.523013,8726384,3.4452000000000003,,Olivia
PORT MANATEE,tidal gauge (historical),27.6387/-82.5621,2027-09-16 02:06:31.631799,8726384,3.5032500000000004,,Olivia
PORT MANATEE,tidal gauge (historical),27.6387/-82.5621,2027-09-15 07:05:46.443515,8726384,3.95955,,Olivia
PORT MANATEE,tidal gauge (historical),27.6387/-82.5621,2027-09-15 07:37:54.476987,8726384,3.7867500000000005,,Olivia
PORT MANATEE,tidal gauge (historical),27.6387/-82.5621,2027-09-16 22:11:32.887029,8726384,2.3922000000000003,,Olivia
PORT MANATEE,tidal gauge (historical),27.6387/-82.5621,2027-09-18 09:08:17.071130,8726384,4.54005,1.6038000000000001,Olivia
PORT MANATEE,tidal gauge (historical),27.6387/-82.5621,2027-09-15 09:14:18.577406,8726384,3.078,,Olivia
PORT MANATEE,tidal gauge (historical),27.6387/-82.5621,2027-09-17 10:46:41.673640,8726384,4.097250000000001,,Olivia
PORT MANATEE,tidal gauge (historical),27.6387/-82.5621,2027-09-15 23:09:47.447699,8726384,3.13605,,Olivia
PORT MANATEE,tidal gauge (historical),27.6387/-82.5621,2027-09-18 14:21:35.397490,8726384,7.2238500000000005,4.2876,Olivia
PORT MANATEE,tidal gauge (historical),27.6387/-82.5621,2027-09-16 21:47:26.861925,8726384,2.5164000000000004,,Olivia
PORT MANATEE,tidal gauge (historical),27.6387/-82.5621,2027-09-15 18:04:31.129707,8726384,2.01555,,Olivia
PORT MANATEE,tidal gauge (historical),27.6387/-82.5621,2027-09-17 05:41:25.355649,8726384,3.078,,Olivia
PORT MANATEE,tidal gauge (historical),27.6387/-82.5621,2027-09-17 18:08:32.133891,8726384,5.03145,,Olivia
PORT MANATEE,tidal gauge (historical),27.6387/-82.5621,2027-09-15 03:12:48.200837,8726384,4.6683,,Olivia
PORT MANATEE,tidal gauge (historical),27.6387/-82.5621,2027-09-18 01:14:18.577406,8726384,5.95755,,Olivia
PORT MANATEE,tidal gauge (historical),27.6387/-82.5621,2027-09-17 09:42:25.606695,8726384,4.06215,,Olivia
PORT MANATEE,tidal gauge (historical),27.6387/-82.5621,2027-09-15 09:06:16.569038,8726384,3.1401000000000003,,Olivia
PORT MANATEE,tidal gauge (historical),27.6387/-82.5621,2027-09-17 00:28:07.029289,8726384,1.944,,Olivia
PORT MANATEE,tidal gauge (historical),27.6387/-82.5621,2027-09-17 02:44:41.171548,8726384,2.2815,,Olivia
PORT MANATEE,tidal gauge (historical),27.6387/-82.5621,2027-09-17 03:40:55.230126,8726384,2.5029000000000003,,Olivia
PORT MANATEE,tidal gauge (historical),27.6387/-82.5621,2027-09-17 22:57:44.435146,8726384,5.767200000000001,,Olivia
PORT MANATEE,tidal gauge (historical),27.6387/-82.5621,2027-09-15 12:35:08.786611,8726384,1.7577000000000003,,Olivia
PORT MANATEE,tidal gauge (historical),27.6387/-82.5621,2027-09-18 02:42:40.669456,8726384,5.8779,,Olivia
PORT MANATEE,tidal gauge (historical),27.6387/-82.5621,2027-09-15 08:02:00.502092,8726384,3.6369000000000002,,Olivia
PORT MANATEE,tidal gauge (historical),27.6387/-82.5621,2027-09-16 07:27:51.966527,8726384,4.0662,,Olivia
PORT MANATEE,tidal gauge (historical),27.6387/-82.5621,2027-09-16 06:07:31.882845,8726384,3.9690000000000003,,Olivia
PORT MANATEE,tidal gauge (historical),27.6387/-82.5621,2027-09-16 14:01:30.376569,8726384,4.7749500000000005,,Olivia
PORT MANATEE,tidal gauge (historical),27.6387/-82.5621,2027-09-17 15:03:45.941423,8726384,4.522500000000001,,Olivia
PORT MANATEE,tidal gauge (historical),27.6387/-82.5621,2027-09-18 04:59:14.811715,8726384,5.45265,2.5164000000000004,Olivia
PORT MANATEE,tidal gauge (historical),27.6387/-82.5621,2027-09-18 23:35:53.974895,8726384,9.12465,6.187050000000001,Olivia
PORT MANATEE,tidal gauge (historical),27.6387/-82.5621,2027-09-17 04:53:13.305439,8726384,2.71485,,Olivia
PORT MANATEE,tidal gauge (historical),27.6387/-82.5621,2027-09-15 19:56:59.246862,8726384,2.4138,,Olivia
PORT MANATEE,tidal gauge (historical),27.6387/-82.5621,2027-09-16 05:27:21.841004,8726384,3.8758500000000002,,Olivia
PORT MANATEE,tidal gauge (historical),27.6387/-82.5621,2027-09-17 14:39:39.916318,8726384,4.477950000000001,,Olivia
PORT MANATEE,tidal gauge (historical),27.6387/-82.5621,2027-09-17 10:30:37.656904,8726384,4.27005,,Olivia
PORT MANATEE,tidal gauge (historical),27.6387/-82.5621,2027-09-16 10:16:34.142259,8726384,4.4064,,Olivia
PORT MANATEE,tidal gauge (historical),27.6387/-82.5621,2027-09-16 11:20:50.209205,8726384,4.5306,,Olivia
PORT MANATEE,tidal gauge (historical),27.6387/-82.5621,2027-09-17 09:02:15.564854,8726384,3.5694000000000004,,Olivia
PORT MANATEE,tidal gauge (historical),27.6387/-82.5621,2027-09-17 18:32:38.158996,8726384,5.049,,Olivia
PORT MANATEE,tidal gauge (historical),27.6387/-82.5621,2027-09-16 21:31:22.845188,8726384,2.5960500000000004,,Olivia
PORT MANATEE,tidal gauge (historical),27.6387/-82.5621,2027-09-18 08:28:07.029289,8726384,4.831650000000001,1.8954,Olivia
PORT MANATEE,tidal gauge (historical),27.6387/-82.5621,2027-09-16 06:55:43.933054,8726384,4.0176,,Olivia
PORT MANATEE,tidal gauge (historical),27.6387/-82.5621,2027-09-17 12:23:05.774059,8726384,4.3578,,Olivia
PORT MANATEE,tidal gauge (historical),27.6387/-82.5621,2027-09-17 04:37:09.288703,8726384,2.7324,,Olivia
PORT MANATEE,tidal gauge (historical),27.6387/-82.5621,2027-09-16 03:42:55.732218,8726384,3.65445,,Olivia
PORT MANATEE,tidal gauge (historical),27.6387/-82.5621,2027-09-16 12:01:00.251046,8726384,4.6683,,Olivia
PORT MANATEE,tidal gauge (historical),27.6387/-82.5621,2027-09-15 20:29:07.280335,8726384,2.538,,Olivia
PORT MANATEE,tidal gauge (historical),27.6387/-82.5621,2027-09-17 23:37:54.476987,8726384,5.96565,,Olivia
PORT MANATEE,tidal gauge (historical),27.6387/-82.5621,2027-09-15 08:42:10.543933,8726384,3.3345000000000007,,Olivia
PORT MANATEE,tidal gauge (historical),27.6387/-82.5621,2027-09-18 02:18:34.644351,8726384,5.886000000000001,,Olivia
PORT MANATEE,tidal gauge (historical),27.6387/-82.5621,2027-09-15 21:01:15.313808,8726384,2.7283500000000003,,Olivia
PORT MANATEE,tidal gauge (historical),27.6387/-82.5621,2027-09-16 08:48:12.050209,8726384,4.33215,,Olivia
PORT MANATEE,tidal gauge (historical),27.6387/-82.5621,2027-09-17 08:30:07.531381,8726384,3.44115,,Olivia
PORT MANATEE,tidal gauge (historical),27.6387/-82.5621,2027-09-15 03:20:50.209205,8726384,4.6777500000000005,,Olivia
PORT MANATEE,tidal gauge (historical),27.6387/-82.5621,2027-09-18 18:38:39.665272,8726384,10.68795,7.75035,Olivia
PORT MANATEE,tidal gauge (historical),27.6387/-82.5621,2027-09-16 14:25:36.401674,8726384,4.74795,,Olivia
PORT MANATEE,tidal gauge (historical),27.6387/-82.5621,2027-09-17 17:04:16.066946,8726384,4.7439,,Olivia
PORT MANATEE,tidal gauge (historical),27.6387/-82.5621,2027-09-18 21:51:27.866109,8726384,10.24515,7.307550000000001,Olivia
PORT MANATEE,tidal gauge (historical),27.6387/-82.5621,2027-09-17 03:08:47.196653,8726384,2.20995,,Olivia
PORT MANATEE,tidal gauge (historical),27.6387/-82.5621,2027-09-16 17:46:26.610879,8726384,4.06215,,Olivia
PORT MANATEE,tidal gauge (historical),27.6387/-82.5621,2027-09-15 12:59:14.811715,8726384,1.6564500000000002,,Olivia
PORT MANATEE,tidal gauge (historical),27.6387/-82.5621,2027-09-17 11:02:45.690377,8726384,4.1229000000000005,,Olivia
PORT MANATEE,tidal gauge (historical),27.6387/-82.5621,2027-09-15 19:08:47.196653,8726384,2.214,,Olivia
PORT MANATEE,tidal gauge (historical),27.6387/-82.5621,2027-09-17 11:50:57.740586,8726384,4.27815,,Olivia
PORT MANATEE,tidal gauge (historical),27.6387/-82.5621,2027-09-18 17:58:29.623431,8726384,10.3329,7.39665,Olivia
PORT MANATEE,tidal gauge (historical),27.6387/-82.5621,2027-09-17 06:21:35.397490,8726384,3.2859000000000003,,Olivia
PORT MANATEE,tidal gauge (historical),27.6387/-82.5621,2027-09-15 05:29:22.343096,8726384,4.44285,,Olivia
PORT MANATEE,tidal gauge (historical),27.6387/-82.5621,2027-09-15 19:48:57.238494,8726384,2.3868,,Olivia
PORT MANATEE,tidal gauge (historical),27.6387/-82.5621,2027-09-17 13:03:15.815900,8726384,4.44285,,Olivia
PORT MANATEE,tidal gauge (historical),27.6387/-82.5621,2027-09-15 17:16:19.079498,8726384,1.8333000000000002,,Olivia
PORT MANATEE,tidal gauge (historical),27.6387/-82.5621,2027-09-16 05:03:15.815900,8726384,3.8448,,Olivia
PORT MANATEE,tidal gauge (historical),27.6387/-82.5621,2027-09-18 22:15:33.891213,8726384,9.87255,6.9363,Olivia
PORT MANATEE,tidal gauge (historical),27.6387/-82.5621,2027-09-17 21:53:28.368201,8726384,5.85495,,Olivia
PORT MANATEE,tidal gauge (historical),27.6387/-82.5621,2027-09-16 10:48:42.175732,8726384,4.468500000000001,,Olivia
PORT MANATEE,tidal gauge (historical),27.6387/-82.5621,2027-09-16 14:17:34.393305,8726384,4.7655,,Olivia
PORT MANATEE,tidal gauge (historical),27.6387/-82.5621,2027-09-18 05:07:16.820084,8726384,5.398650000000001,2.4624,Olivia
PORT MANATEE,tidal gauge (historical),27.6387/-82.5621,2027-09-15 18:28:37.154812,8726384,2.06415,,Olivia
PORT MANATEE,tidal gauge (historical),27.6387/-82.5621,2027-09-16 04:47:11.799163,8726384,3.8448,,Olivia
PORT MANATEE,tidal gauge (historical),27.6387/-82.5621,2027-09-18 21:19:19.832636,8726384,10.736550000000001,7.8003,Olivia
PORT MANATEE,tidal gauge (historical),27.6387/-82.5621,2027-09-17 04:45:11.297071,8726384,2.7108000000000003,,Olivia
PORT MANATEE,tidal gauge (historical),27.6387/-82.5621,2027-09-16 19:06:46.694561,8726384,3.4641,,Olivia
PORT MANATEE,tidal gauge (historical),27.6387/-82.5621,2027-09-17 14:31:37.907950,8726384,4.4739,,Olivia
PORT MANATEE,tidal gauge (historical),27.6387/-82.5621,2027-09-15 13:15:18.828452,8726384,1.5903,,Olivia
PORT MANATEE,tidal gauge (historical),27.6387/-82.5621,2027-09-15 07:13:48.451883,8726384,3.915,,Olivia
PORT MANATEE,tidal gauge (historical),27.6387/-82.5621,2027-09-18 09:56:29.121339,8726384,4.37535,1.4391000000000003,Olivia
PORT MANATEE,tidal gauge (historical),27.6387/-82.5621,2027-09-17 09:34:23.598326,8726384,3.9771000000000005,,Olivia
PORT MANATEE,tidal gauge (historical),27.6387/-82.5621,2027-09-15 19:32:53.221757,8726384,2.2815,,Olivia
PORT MANATEE,tidal gauge (historical),27.6387/-82.5621,2027-09-17 12:15:03.765690,8726384,4.336200000000001,,Olivia
PORT MANATEE,tidal gauge (historical),27.6387/-82.5621,2027-09-15 20:53:13.305439,8726384,2.6581500000000005,,Olivia
PORT MANATEE,tidal gauge (historical),27.6387/-82.5621,2027-09-17 14:23:35.899582,8726384,4.504950000000001,,Olivia
PORT MANATEE,tidal gauge (historical),27.6387/-82.5621,2027-09-15 02:00:30.125523,8726384,4.522500000000001,,Olivia
PORT MANATEE,tidal gauge (historical),27.6387/-82.5621,2027-09-17 15:35:53.974895,8726384,4.513050000000001,,Olivia
PORT MANATEE,tidal gauge (historical),27.6387/-82.5621,2027-09-17 01:40:25.104603,8726384,1.9750500000000002,,Olivia
PORT MANATEE,tidal gauge (historical),27.6387/-82.5621,2027-09-16 09:44:26.108787,8726384,4.4064,,Olivia
PORT MANATEE,tidal gauge (historical),27.6387/-82.5621,2027-09-15 20:37:09.288703,8726384,2.6487000000000003,,Olivia
PORT MANATEE,tidal gauge (historical),27.6387/-82.5621,2027-09-17 08:54:13.556485,8726384,3.4897500000000004,,Olivia
PORT MANATEE,tidal gauge (historical),27.6387/-82.5621,2027-09-15 22:13:33.389121,8726384,2.92815,,Olivia
PORT MANATEE,tidal gauge (historical),27.6387/-82.5621,2027-09-18 10:04:31.129707,8726384,4.4118,1.4755500000000001,Olivia
PORT MANATEE,tidal gauge (historical),27.6387/-82.5621,2027-09-18 16:54:13.556485,8726384,9.54855,6.6123,Olivia
PORT MANATEE,tidal gauge (historical),27.6387/-82.5621,2027-09-15 11:30:52.719665,8726384,2.12625,,Olivia
PORT MANATEE,tidal gauge (historical),27.6387/-82.5621,2027-09-15 21:09:17.322176,8726384,2.7243,,Olivia
PORT MANATEE,tidal gauge (historical),27.6387/-82.5621,2027-09-18 00:50:12.552301,8726384,5.8725,,Olivia
PORT MANATEE,tidal gauge (historical),27.6387/-82.5621,2027-09-16 10:00:30.125523,8726384,4.36725,,Olivia
PORT MANATEE,tidal gauge (historical),27.6387/-82.5621,2027-09-18 09:48:27.112971,8726384,4.41585,1.4796000000000002,Olivia
PORT MANATEE,tidal gauge (historical),27.6387/-82.5621,2027-09-17 12:31:07.782427,8726384,4.3267500000000005,,Olivia
PORT MANATEE,tidal gauge (historical),27.6387/-82.5621,2027-09-15 04:01:00.251046,8726384,4.6413,,Olivia
PORT MANATEE,tidal gauge (historical),27.6387/-82.5621,2027-09-16 13:45:26.359833,8726384,4.831650000000001,,Olivia
PORT MANATEE,tidal gauge (historical),27.6387/-82.5621,2027-09-18 08:36:09.037657,8726384,4.769550000000001,1.8333000000000002,Olivia
PORT MANATEE,tidal gauge (historical),27.6387/-82.5621,2027-09-16 03:02:45.690377,8726384,3.5869500000000003,,Olivia
PORT MANATEE,tidal gauge (historical),27.6387/-82.5621,2027-09-17 20:25:06.276151,8726384,5.404050000000001,,Olivia
PORT MANATEE,tidal gauge (historical),27.6387/-82.5621,2027-09-16 21:39:24.853556,8726384,2.5515,,Olivia
PORT MANATEE,tidal gauge (historical),27.6387/-82.5621,2027-09-18 09:32:23.096234,8726384,4.5441,1.6078500000000002,Olivia
PORT MANATEE,tidal gauge (historical),27.6387/-82.5621,2027-09-18 01:46:26.610879,8726384,5.9265,,Olivia
PORT MANATEE,tidal gauge (historical),27.6387/-82.5621,2027-09-18 19:18:49.707113,8726384,10.92285,7.985250000000001,Olivia
PORT MANATEE,tidal gauge (historical),27.6387/-82.5621,2027-09-18 00:26:06.527197,8726384,5.89545,,Olivia
PORT MANATEE,tidal gauge (historical),27.6387/-82.5621,2027-09-16 04:07:01.757322,8726384,3.75165,,Olivia
PORT MANATEE,tidal gauge (historical),27.6387/-82.5621,2027-09-17 05:09:17.322176,8726384,2.7904500000000003,,Olivia
PORT MANATEE,tidal gauge (historical),27.6387/-82.5621,2027-09-15 17:00:15.062762,8726384,1.7941500000000001,,Olivia
PORT MANATEE,tidal gauge (historical),27.6387/-82.5621,2027-09-17 02:52:43.179916,8726384,2.3247,,Olivia
PORT MANATEE,tidal gauge (historical),27.6387/-82.5621,2027-09-17 01:24:21.087866,8726384,1.9359,,Olivia
PORT MANATEE,tidal gauge (historical),27.6387/-82.5621,2027-09-16 15:29:52.468619,8726384,4.5981000000000005,,Olivia
PORT MANATEE,tidal gauge (historical),27.6387/-82.5621,2027-09-16 09:36:24.100418,8726384,4.380750000000001,,Olivia
PORT MANATEE,tidal gauge (historical),27.6387/-82.5621,2027-09-15 09:30:22.594142,8726384,2.9497500000000003,,Olivia
PORT MANATEE,tidal gauge (historical),27.6387/-82.5621,2027-09-18 12:45:11.297071,8726384,6.151950000000001,3.2157000000000004,Olivia
PORT MANATEE,tidal gauge (historical),27.6387/-82.5621,2027-09-17 15:51:57.991632,8726384,4.65075,,Olivia
PORT MANATEE,tidal gauge (historical),27.6387/-82.5621,2027-09-16 10:56:44.184100,8726384,4.5171,,Olivia
PORT MANATEE,tidal gauge (historical),27.6387/-82.5621,2027-09-15 11:06:46.694561,8726384,2.2761,,Olivia
PORT MANATEE,tidal gauge (historical),27.6387/-82.5621,2027-09-16 16:10:02.510460,8726384,4.450950000000001,,Olivia
PORT MANATEE,tidal gauge (historical),27.6387/-82.5621,2027-09-18 20:39:09.790795,8726384,11.09565,8.158050000000001,Olivia
PORT MANATEE,tidal gauge (historical),27.6387/-82.5621,2027-09-16 12:17:04.267782,8726384,4.74795,,Olivia
PORT MANATEE,tidal gauge (historical),27.6387/-82.5621,2027-09-16 11:04:46.192469,8726384,4.513050000000001,,Olivia
PORT MANATEE,tidal gauge (historical),27.6387/-82.5621,2027-09-17 03:24:51.213389,8726384,2.4138,,Olivia
PORT MANATEE,tidal gauge (historical),27.6387/-82.5621,2027-09-15 19:40:55.230126,8726384,2.3476500000000002,,Olivia
PORT MANATEE,tidal gauge (historical),27.6387/-82.5621,2027-09-15 16:44:11.046025,8726384,1.76715,,Olivia
PORT MANATEE,tidal gauge (historical),27.6387/-82.5621,2027-09-15 01:28:22.092050,8726384,4.509,,Olivia
PORT MANATEE,tidal gauge (historical),27.6387/-82.5621,2027-09-18 19:34:53.723849,8726384,10.953900000000003,8.0163,Olivia
PORT MANATEE,tidal gauge (historical),27.6387/-82.5621,2027-09-15 18:36:39.163180,8726384,2.09115,,Olivia
PORT MANATEE,tidal gauge (historical),27.6387/-82.5621,2027-09-18 14:29:37.405858,8726384,7.33455,4.3983,Olivia
PORT MANATEE,tidal gauge (historical),27.6387/-82.5621,2027-09-17 01:32:23.096234,8726384,1.944,,Olivia
PORT MANATEE,tidal gauge (historical),27.6387/-82.5621,2027-09-15 08:34:08.535565,8726384,3.3966000000000003,,Olivia
PORT MANATEE,tidal gauge (historical),27.6387/-82.5621,2027-09-15 13:55:28.870293,8726384,1.51065,,Olivia
PORT MANATEE,tidal gauge (historical),27.6387/-82.5621,2027-09-15 10:18:34.644351,8726384,2.6217,,Olivia
PORT MANATEE,tidal gauge (historical),27.6387/-82.5621,2027-09-15 06:41:40.418410,8726384,4.091850000000001,,Olivia
PORT MANATEE,tidal gauge (historical),27.6387/-82.5621,2027-09-18 13:17:19.330544,8726384,6.6217500000000005,3.6855,Olivia
PORT MANATEE,tidal gauge (historical),27.6387/-82.5621,2027-09-16 17:54:28.619247,8726384,4.00815,,Olivia
PORT MANATEE,tidal gauge (historical),27.6387/-82.5621,2027-09-17 08:14:03.514644,8726384,3.4101,,Olivia
PORT MANATEE,tidal gauge (historical),27.6387/-82.5621,2027-09-16 20:35:08.786611,8726384,2.8971,,Olivia
PORT MANATEE,tidal gauge (historical),27.6387/-82.5621,2027-09-15 16:28:07.029289,8726384,1.7361000000000002,,Olivia
PORT MANATEE,tidal gauge (historical),27.6387/-82.5621,2027-09-15 19:00:45.188285,8726384,2.1924,,Olivia
PORT MANATEE,tidal gauge (historical),27.6387/-82.5621,2027-09-15 05:45:26.359833,8726384,4.40235,,Olivia
PORT MANATEE,tidal gauge (historical),27.6387/-82.5621,2027-09-16 02:54:43.682008,8726384,3.54375,,Olivia
PORT MANATEE,tidal gauge (historical),27.6387/-82.5621,2027-09-16 19:22:50.711297,8726384,3.3345000000000007,,Olivia
PORT MANATEE,tidal gauge (historical),27.6387/-82.5621,2027-09-17 23:13:48.451883,8726384,5.7928500000000005,,Olivia
PORT MANATEE,tidal gauge (historical),27.6387/-82.5621,2027-09-16 22:03:30.878661,8726384,2.4408000000000003,,Olivia
PORT MANATEE,tidal gauge (historical),27.6387/-82.5621,2027-09-18 09:00:15.062762,8726384,4.56165,1.6254,Olivia
PORT MANATEE,tidal gauge (historical),27.6387/-82.5621,2027-09-15 18:52:43.179916,8726384,2.1654000000000004,,Olivia
PORT MANATEE,tidal gauge (historical),27.6387/-82.5621,2027-09-18 23:43:55.983264,8726384,9.0396,6.103350000000001,Olivia
PORT MANATEE,tidal gauge (historical),27.6387/-82.5621,2027-09-18 02:50:42.677824,8726384,5.85495,,Olivia
PORT MANATEE,tidal gauge (historical),27.6387/-82.5621,2027-09-18 15:49:57.489540,8726384,8.53065,5.5944,Olivia
PORT MANATEE,tidal gauge (historical),27.6387/-82.5621,2027-09-15 21:17:19.330544,8726384,2.7459,,Olivia
PORT MANATEE,tidal gauge (historical),27.6387/-82.5621,2027-09-16 08:16:04.016736,8726384,4.256550000000001,,Olivia
PORT MANATEE,tidal gauge (historical),27.6387/-82.5621,2027-09-16 15:37:54.476987,8726384,4.60215,,Olivia
PORT MANATEE,tidal gauge (historical),27.6387/-82.5621,2027-09-16 00:54:13.556485,8726384,3.3129000000000004,,Olivia
PORT MANATEE,tidal gauge (historical),27.6387/-82.5621,2027-09-16 20:51:12.803347,8726384,2.781,,Olivia
PORT MANATEE,tidal gauge (historical),27.6387/-82.5621,2027-09-17 03:00:45.188285,8726384,2.2329,,Olivia
PORT MANATEE,tidal gauge (historical),27.6387/-82.5621,2027-09-18 12:13:03.263598,8726384,5.86035,2.92275,Olivia
PORT MANATEE,tidal gauge (historical),27.6387/-82.5621,2027-09-15 20:13:03.263598,8726384,2.5461,,Olivia
PORT MANATEE,tidal gauge (historical),27.6387/-82.5621,2027-09-18 00:58:14.560669,8726384,5.8914,,Olivia
PORT MANATEE,tidal gauge (historical),27.6387/-82.5621,2027-09-16 19:30:52.719665,8726384,3.2859000000000003,,Olivia
PORT MANATEE,tidal gauge (historical),27.6387/-82.5621,2027-09-17 23:53:58.493724,8726384,5.86035,,Olivia
PORT MANATEE,tidal gauge (historical),27.6387/-82.5621,2027-09-17 07:01:45.439331,8726384,3.2022,,Olivia
PORT MANATEE,tidal gauge (historical),27.6387/-82.5621,2027-09-17 23:29:52.468619,8726384,6.0142500000000005,,Olivia
PORT MANATEE,tidal gauge (historical),27.6387/-82.5621,2027-09-16 01:18:19.581590,8726384,3.375,,Olivia
PORT MANATEE,tidal gauge (historical),27.6387/-82.5621,2027-09-18 16:22:05.523013,8726384,9.00045,6.06285,Olivia
PORT MANATEE,tidal gauge (historical),27.6387/-82.5621,2027-09-15 17:24:21.087866,8726384,1.8697500000000002,,Olivia
PORT MANATEE,tidal gauge (historical),27.6387/-82.5621,2027-09-16 18:26:36.652720,8726384,3.7557000000000005,,Olivia
PORT MANATEE,tidal gauge (historical),27.6387/-82.5621,2027-09-16 10:24:36.150628,8726384,4.40235,,Olivia
PORT MANATEE,tidal gauge (historical),27.6387/-82.5621,2027-09-18 11:48:57.238494,8726384,5.6646,2.7283500000000003,Olivia
PORT MANATEE,tidal gauge (historical),27.6387/-82.5621,2027-09-15 12:27:06.778243,8726384,1.78065,,Olivia
PORT MANATEE,tidal gauge (historical),27.6387/-82.5621,2027-09-15 08:18:04.518828,8726384,3.5127,,Olivia
PORT MANATEE,tidal gauge (historical),27.6387/-82.5621,2027-09-16 08:56:14.058577,8726384,4.33215,,Olivia
PORT MANATEE,tidal gauge (historical),27.6387/-82.5621,2027-09-17 15:11:47.949791,8726384,4.5792,,Olivia
PORT MANATEE,tidal gauge (historical),27.6387/-82.5621,2027-09-17 01:00:15.062762,8726384,1.9399500000000003,,Olivia
PORT MANATEE,tidal gauge (historical),27.6387/-82.5621,2027-09-15 00:56:14.058577,8726384,4.46445,,Olivia
PORT MANATEE,tidal gauge (historical),27.6387/-82.5621,2027-09-17 05:01:15.313808,8726384,2.7189,,Olivia
PORT MANATEE,tidal gauge (historical),27.6387/-82.5621,2027-09-18 01:54:28.619247,8726384,5.921100000000001,,Olivia
PORT MANATEE,tidal gauge (historical),27.6387/-82.5621,2027-09-17 15:27:51.966527,8726384,4.513050000000001,,Olivia
PORT MANATEE,tidal gauge (historical),27.6387/-82.5621,2027-09-17 23:45:56.485356,8726384,5.921100000000001,,Olivia
PORT MANATEE,tidal gauge (historical),27.6387/-82.5621,2027-09-15 14:19:34.895397,8726384,1.4931000000000003,,Olivia
PORT MANATEE,tidal gauge (historical),27.6387/-82.5621,2027-09-16 21:23:20.836820,8726384,2.6352,,Olivia
PORT MANATEE,tidal gauge (historical),27.6387/-82.5621,2027-09-16 00:38:09.539749,8726384,3.3264,,Olivia
PORT MANATEE,tidal gauge (historical),27.6387/-82.5621,2027-09-15 03:36:54.225941,8726384,4.6683,,Olivia
PORT MANATEE,tidal gauge (historical),27.6387/-82.5621,2027-09-16 04:15:03.765690,8726384,3.7651500000000007,,Olivia
PORT MANATEE,tidal gauge (historical),27.6387/-82.5621,2027-09-16 20:27:06.778243,8726384,2.9457,,Olivia
PORT MANATEE,tidal gauge (historical),27.6387/-82.5621,2027-09-18 03:14:48.702929,8726384,5.753699999999999,,Olivia
PORT MANATEE,tidal gauge (historical),27.6387/-82.5621,2027-09-18 19:10:47.698745,8726384,10.9269,7.99065,Olivia
PORT MANATEE,tidal gauge (historical),27.6387/-82.5621,2027-09-18 21:43:25.857741,8726384,10.39905,7.4628,Olivia
PORT MANATEE,tidal gauge (historical),27.6387/-82.5621,2027-09-17 06:05:31.380753,8726384,3.2548500000000002,,Olivia
PORT MANATEE,tidal gauge (historical),27.6387/-82.5621,2027-09-18 07:23:50.962343,8726384,5.05305,2.1168,Olivia
PORT MANATEE,tidal gauge (historical),27.6387/-82.5621,2027-09-19 00:00:00.000000,8726384,8.862750000000002,5.9265,Olivia
PORT MANATEE,tidal gauge (historical),27.6387/-82.5621,2027-09-15 19:16:49.205021,8726384,2.23695,,Olivia
PORT MANATEE,tidal gauge (historical),27.6387/-82.5621,2027-09-18 06:43:40.920502,8726384,5.1556500000000005,,Olivia
PORT MANATEE,tidal gauge (historical),27.6387/-82.5621,2027-09-16 20:59:14.811715,8726384,2.7459,,Olivia
PORT MANATEE,tidal gauge (historical),27.6387/-82.5621,2027-09-18 07:31:52.970711,8726384,5.04495,2.1087000000000002,Olivia
PORT MANATEE,tidal gauge (historical),27.6387/-82.5621,2027-09-15 22:05:31.380753,8726384,2.9011500000000003,,Olivia
PORT MANATEE,tidal gauge (historical),27.6387/-82.5621,2027-09-16 13:53:28.368201,8726384,4.82355,,Olivia
PORT MANATEE,tidal gauge (historical),27.6387/-82.5621,2027-09-17 11:10:47.698745,8726384,4.11075,,Olivia
PORT MANATEE,tidal gauge (historical),27.6387/-82.5621,2027-09-15 20:21:05.271967,8726384,2.4759,,Olivia
PORT MANATEE,tidal gauge (historical),27.6387/-82.5621,2027-09-18 12:37:09.288703,8726384,6.037200000000001,3.1009500000000005,Olivia
PORT MANATEE,tidal gauge (historical),27.6387/-82.5621,2027-09-17 05:49:27.364017,8726384,3.1009500000000005,,Olivia
PORT MANATEE,tidal gauge (historical),27.6387/-82.5621,2027-09-17 19:28:52.217573,8726384,5.1732000000000005,,Olivia
PORT MANATEE,tidal gauge (historical),27.6387/-82.5621,2027-09-18 19:42:55.732218,8726384,10.962,8.02575,Olivia
PORT MANATEE,tidal gauge (historical),27.6387/-82.5621,2027-09-15 08:58:14.560669,8726384,3.1981500000000005,,Olivia
PORT MANATEE,tidal gauge (historical),27.6387/-82.5621,2027-09-15 05:21:20.334728,8726384,4.46445,,Olivia
PORT MANATEE,tidal gauge (historical),27.6387/-82.5621,2027-09-15 13:07:16.820084,8726384,1.6173,,Olivia
PORT MANATEE,tidal gauge (historical),27.6387/-82.5621,2027-09-15 21:57:29.372385,8726384,2.8660500000000004,,Olivia
PORT MANATEE,tidal gauge (historical),27.6387/-82.5621,2027-09-17 20:41:10.292887,8726384,5.4297,,Olivia
PORT MANATEE,tidal gauge (historical),27.6387/-82.5621,2027-09-15 10:42:40.669456,8726384,2.4489,,Olivia
PORT MANATEE,tidal gauge (historical),27.6387/-82.5621,2027-09-16 02:14:33.640167,8726384,3.5127,,Olivia
PORT MANATEE,tidal gauge (historical),27.6387/-82.5621,2027-09-16 16:42:10.543933,8726384,4.336200000000001,,Olivia
PORT MANATEE,tidal gauge (historical),27.6387/-82.5621,2027-09-18 04:19:04.769874,8726384,5.699700000000001,2.76345,Olivia
PORT MANATEE,tidal gauge (historical),27.6387/-82.5621,2027-09-17 01:48:27.112971,8726384,2.02905,,Olivia
PORT MANATEE,tidal gauge (historical),27.6387/-82.5621,2027-09-16 20:03:00.753138,8726384,3.1225500000000004,,Olivia
PORT MANATEE,tidal gauge (historical),27.6387/-82.5621,2027-09-17 09:26:21.589958,8726384,3.75165,,Olivia
PORT MANATEE,tidal gauge (historical),27.6387/-82.5621,2027-09-17 02:12:33.138075,8726384,2.2504500000000003,,Olivia
PORT MANATEE,tidal gauge (historical),27.6387/-82.5621,2027-09-17 00:04:01.004184,8726384,1.9494,,Olivia
PORT MANATEE,tidal gauge (historical),27.6387/-82.5621,2027-09-17 22:17:34.393305,8726384,5.788800000000001,,Olivia
PORT MANATEE,tidal gauge (historical),27.6387/-82.5621,2027-09-15 21:25:21.338912,8726384,2.7594000000000003,,Olivia
PORT MANATEE,tidal gauge (historical),27.6387/-82.5621,2027-09-17 19:52:58.242678,8726384,5.279850000000001,,Olivia
PORT MANATEE,tidal gauge (historical),27.6387/-82.5621,2027-09-15 06:33:38.410042,8726384,4.1418,,Olivia
PORT MANATEE,tidal gauge (historical),27.6387/-82.5621,2027-09-15 00:24:06.025105,8726384,4.371300000000001,,Olivia
PORT MANATEE,tidal gauge (historical),27.6387/-82.5621,2027-09-15 12:11:02.761506,8726384,1.9089,,Olivia
PORT MANATEE,tidal gauge (historical),27.6387/-82.5621,2027-09-17 04:13:03.263598,8726384,2.511,,Olivia
PORT MANATEE,tidal gauge (historical),27.6387/-82.5621,2027-09-18 19:58:59.748954,8726384,10.96605,8.029800000000002,Olivia
PORT MANATEE,tidal gauge (historical),27.6387/-82.5621,2027-09-18 04:51:12.803347,8726384,5.54985,2.6136,Olivia
PORT MANATEE,tidal gauge (historical),27.6387/-82.5621,2027-09-16 18:34:38.661088,8726384,3.6679500000000003,,Olivia
PORT MANATEE,tidal gauge (historical),27.6387/-82.5621,2027-09-18 17:10:17.573222,8726384,9.7929,6.85665,Olivia
PORT MANATEE,tidal gauge (historical),27.6387/-82.5621,2027-09-18 07:55:58.995816,8726384,5.049,2.11275,Olivia
PORT MANATEE,tidal gauge (historical),27.6387/-82.5621,2027-09-16 02:46:41.673640,8726384,3.5302500000000006,,Olivia
PORT MANATEE,tidal gauge (historical),27.6387/-82.5621,2027-09-16 07:03:45.941423,8726384,4.0176,,Olivia
PORT MANATEE,tidal gauge (historical),27.6387/-82.5621,2027-09-18 06:11:32.887029,8726384,5.2177500000000006,2.2815,Olivia
PORT MANATEE,tidal gauge (historical),27.6387/-82.5621,2027-09-18 22:39:39.916318,8726384,9.6957,6.75945,Olivia
PORT MANATEE,tidal gauge (historical),27.6387/-82.5621,2027-09-16 15:45:56.485356,8726384,4.56165,,Olivia
PORT MANATEE,tidal gauge (historical),27.6387/-82.5621,2027-09-18 20:23:05.774059,8726384,11.020050000000001,8.083800000000002,Olivia
PORT MANATEE,tidal gauge (historical),27.6387/-82.5621,2027-09-15 23:41:55.481172,8726384,3.2373000000000003,,Olivia
PORT MANATEE,tidal gauge (historical),27.6387/-82.5621,2027-09-15 10:50:42.677824,8726384,2.3868,,Olivia
PORT MANATEE,tidal gauge (historical),27.6387/-82.5621,2027-09-17 07:33:53.472803,8726384,3.18465,,Olivia
PORT MANATEE,tidal gauge (historical),27.6387/-82.5621,2027-09-18 02:34:38.661088,8726384,5.9265,,Olivia
PORT MANATEE,tidal gauge (historical),27.6387/-82.5621,2027-09-18 13:57:29.372385,8726384,6.9363,4.000050000000001,Olivia
PORT MANATEE,tidal gauge (historical),27.6387/-82.5621,2027-09-18 01:30:22.594142,8726384,5.868450000000001,,Olivia
PORT MANATEE,tidal gauge (historical),27.6387/-82.5621,2027-09-15 20:05:01.255230,8726384,2.4624,,Olivia
PORT MANATEE,tidal gauge (historical),27.6387/-82.5621,2027-09-18 03:38:54.728033,8726384,5.8509,2.91465,Olivia
PORT MANATEE,tidal gauge (historical),27.6387/-82.5621,2027-09-15 07:53:58.493724,8726384,3.6936000000000004,,Olivia
PORT MANATEE,tidal gauge (historical),27.6387/-82.5621,2027-09-16 03:34:53.723849,8726384,3.64905,,Olivia
PORT MANATEE,tidal gauge (historical),27.6387/-82.5621,2027-09-17 19:20:50.209205,8726384,5.1516,,Olivia
PORT MANATEE,tidal gauge (historical),27.6387/-82.5621,2027-09-16 01:50:27.615063,8726384,3.4452000000000003,,Olivia
PORT MANATEE,tidal gauge (historical),27.6387/-82.5621,2027-09-18 13:49:27.364017,8726384,7.024050000000001,4.0878000000000005,Olivia
PORT MANATEE,tidal gauge (historical),27.6387/-82.5621,2027-09-18 03:54:58.744770,8726384,5.7267,2.7904500000000003,Olivia
PORT MANATEE,tidal gauge (historical),27.6387/-82.5621,2027-09-16 12:25:06.276151,8726384,4.7655,,Olivia
PORT MANATEE,tidal gauge (historical),27.6387/-82.5621,2027-09-15 10:02:30.627615,8726384,2.7243,,Olivia
PORT MANATEE,tidal gauge (historical),27.6387/-82.5621,2027-09-15 17:08:17.071130,8726384,1.8117000000000003,,Olivia
PORT MANATEE,tidal gauge (historical),27.6387/-82.5621,2027-09-16 08:24:06.025105,8726384,4.27005,,Olivia
PORT MANATEE,tidal gauge (historical),27.6387/-82.5621,2027-09-16 21:07:16.820084,8726384,2.7108000000000003,,Olivia
PORT MANATEE,tidal gauge (historical),27.6387/-82.5621,2027-09-15 18:20:35.146444,8726384,2.06415,,Olivia
PORT MANATEE,tidal gauge (historical),27.6387/-82.5621,2027-09-16 18:42:40.669456,8726384,3.6058499999999998,,Olivia
PORT MANATEE,tidal gauge (historical),27.6387/-82.5621,2027-09-18 20:55:13.807531,8726384,10.92285,7.985250000000001,Olivia
PORT MANATEE,tidal gauge (historical),27.6387/-82.5621,2027-09-15 20:45:11.297071,8726384,2.65275,,Olivia
PORT MANATEE,tidal gauge (historical),27.6387/-82.5621,2027-09-18 09:16:19.079498,8726384,4.477950000000001,1.5417,Olivia
PORT MANATEE,tidal gauge (historical),27.6387/-82.5621,2027-09-15 10:34:38.661088,8726384,2.5069500000000002,,Olivia
PORT MANATEE,tidal gauge (historical),27.6387/-82.5621,2027-09-15 15:07:46.945607,8726384,1.51065,,Olivia
PORT MANATEE,tidal gauge (historical),27.6387/-82.5621,2027-09-16 00:46:11.548117,8726384,3.31695,,Olivia
PORT MANATEE,tidal gauge (historical),27.6387/-82.5621,2027-09-15 14:11:32.887029,8726384,1.4931000000000003,,Olivia
PORT MANATEE,tidal gauge (historical),27.6387/-82.5621,2027-09-16 13:29:22.343096,8726384,4.8195,,Olivia
PORT MANATEE,tidal gauge (historical),27.6387/-82.5621,2027-09-16 22:27:36.903766,8726384,2.28555,,Olivia
PORT MANATEE,tidal gauge (historical),27.6387/-82.5621,2027-09-18 18:46:41.673640,8726384,10.750050000000002,,Olivia
PORT MANATEE,tidal gauge (historical),27.6387/-82.5621,2027-09-17 02:28:37.154812,8726384,2.2329,,Olivia
PORT MANATEE,tidal gauge (historical),27.6387/-82.5621,2027-09-17 10:38:39.665272,8726384,4.15935,,Olivia
PORT MANATEE,tidal gauge (historical),27.6387/-82.5621,2027-09-17 22:33:38.410042,8726384,5.77935,,Olivia
PORT MANATEE,tidal gauge (historical),27.6387/-82.5621,2027-09-18 12:53:13.305439,8726384,6.2046,3.26835,Olivia
PORT MANATEE,tidal gauge (historical),27.6387/-82.5621,2027-09-15 00:40:10.041841,8726384,4.4199,,Olivia
PORT MANATEE,tidal gauge (historical),27.6387/-82.5621,2027-09-15 23:33:53.472803,8726384,3.2373000000000003,,Olivia
PORT MANATEE,tidal gauge (historical),27.6387/-82.5621,2027-09-15 06:09:32.384937,8726384,4.27005,,Olivia
PORT MANATEE,tidal gauge (historical),27.6387/-82.5621,2027-09-18 22:23:35.899582,8726384,9.83205,6.8958,Olivia
PORT MANATEE,tidal gauge (historical),27.6387/-82.5621,2027-09-18 10:20:35.146444,8726384,4.65075,1.7145000000000001,Olivia
PORT MANATEE,tidal gauge (historical),27.6387/-82.5621,2027-09-15 08:10:02.510460,8726384,3.5748,,Olivia
PORT MANATEE,tidal gauge (historical),27.6387/-82.5621,2027-09-16 01:58:29.623431,8726384,3.4816500000000006,,Olivia
PORT MANATEE,tidal gauge (historical),27.6387/-82.5621,2027-09-15 07:29:52.468619,8726384,3.8178,,Olivia
PORT MANATEE,tidal gauge (historical),27.6387/-82.5621,2027-09-16 14:41:40.418410,8726384,4.6777500000000005,,Olivia
PORT MANATEE,tidal gauge (historical),27.6387/-82.5621,2027-09-16 00:06:01.506276,8726384,3.27375,,Olivia
PORT MANATEE,tidal gauge (historical),27.6387/-82.5621,2027-09-15 12:03:00.753138,8726384,1.9399500000000003,,Olivia
PORT MANATEE,tidal gauge (historical),27.6387/-82.5621,2027-09-15 15:39:54.979079,8726384,1.5984,,Olivia
PORT MANATEE,tidal gauge (historical),27.6387/-82.5621,2027-09-18 05:31:22.845188,8726384,5.39055,2.4543000000000004,Olivia
PORT MANATEE,tidal gauge (historical),27.6387/-82.5621,2027-09-18 17:50:27.615063,8726384,10.2978,7.361550000000001,Olivia
PORT MANATEE,tidal gauge (historical),27.6387/-82.5621,2027-09-17 16:32:08.033473,8726384,4.6953000000000005,,Olivia
PORT MANATEE,tidal gauge (historical),27.6387/-82.5621,2027-09-17 15:19:49.958159,8726384,4.5441,,Olivia
PORT MANATEE,tidal gauge (historical),27.6387/-82.5621,2027-09-17 05:33:23.347280,8726384,3.078,,Olivia
PORT MANATEE,tidal gauge (historical),27.6387/-82.5621,2027-09-18 02:26:36.652720,8726384,5.921100000000001,,Olivia
PORT MANATEE,tidal gauge (historical),27.6387/-82.5621,2027-09-16 15:05:46.443515,8726384,4.6413,,Olivia
PORT MANATEE,tidal gauge (historical),27.6387/-82.5621,2027-09-18 11:24:51.213389,8726384,5.46075,2.5245,Olivia
PORT MANATEE,tidal gauge (historical),27.6387/-82.5621,2027-09-15 02:08:32.133891,8726384,4.5441,,Olivia
PORT MANATEE,tidal gauge (historical),27.6387/-82.5621,2027-09-15 06:49:42.426778,8726384,4.06215,,Olivia
PORT MANATEE,tidal gauge (historical),27.6387/-82.5621,2027-09-15 21:49:27.364017,8726384,2.8390500000000003,,Olivia
PORT MANATEE,tidal gauge (historical),27.6387/-82.5621,2027-09-16 14:09:32.384937,8726384,4.7749500000000005,,Olivia
PORT MANATEE,tidal gauge (historical),27.6387/-82.5621,2027-09-15 04:09:02.259414,8726384,4.637250000000001,,Olivia
PORT MANATEE,tidal gauge (historical),27.6387/-82.5621,2027-09-16 19:38:54.728033,8726384,3.2643000000000004,,Olivia
PORT MANATEE,tidal gauge (historical),27.6387/-82.5621,2027-09-16 19:46:56.736402,8726384,3.2157000000000004,,Olivia
PORT MANATEE,tidal gauge (historical),27.6387/-82.5621,2027-09-17 17:52:28.117155,8726384,4.92075,,Olivia
PORT MANATEE,tidal gauge (historical),27.6387/-82.5621,2027-09-17 02:04:31.129707,8726384,2.241,,Olivia
PORT MANATEE,tidal gauge (historical),27.6387/-82.5621,2027-09-16 17:06:16.569038,8726384,4.24305,,Olivia
PORT MANATEE,tidal gauge (historical),27.6387/-82.5621,2027-09-18 19:50:57.740586,8726384,10.9836,8.047350000000002,Olivia
PORT MANATEE,tidal gauge (historical),27.6387/-82.5621,2027-09-15 11:22:50.711297,8726384,2.1654000000000004,,Olivia
PORT MANATEE,tidal gauge (historical),27.6387/-82.5621,2027-09-15 13:31:22.845188,8726384,1.57275,,Olivia
PORT MANATEE,tidal gauge (historical),27.6387/-82.5621,2027-09-16 15:13:48.451883,8726384,4.627800000000001,,Olivia
PORT MANATEE,tidal gauge (historical),27.6387/-82.5621,2027-09-17 23:05:46.443515,8726384,5.802300000000001,,Olivia
PORT MANATEE,tidal gauge (historical),27.6387/-82.5621,2027-09-15 23:01:45.439331,8726384,3.1185000000000005,,Olivia
PORT MANATEE,tidal gauge (historical),27.6387/-82.5621,2027-09-17 00:20:05.020921,8726384,1.9494,,Olivia
PORT MANATEE,tidal gauge (historical),27.6387/-82.5621,2027-09-18 13:33:23.347280,8726384,6.9228000000000005,3.9865500000000003,Olivia
PORT MANATEE,tidal gauge (historical),27.6387/-82.5621,2027-09-15 18:12:33.138075,8726384,2.0466,,Olivia
PORT MANATEE,tidal gauge (historical),27.6387/-82.5621,2027-09-16 06:23:35.899582,8726384,4.00815,,Olivia
PORT MANATEE,tidal gauge (historical),27.6387/-82.5621,2027-09-16 22:43:40.920502,8726384,2.1924,,Olivia
PORT MANATEE,tidal gauge (historical),27.6387/-82.5621,2027-09-15 10:26:36.652720,8726384,2.5596,,Olivia
PORT MANATEE,tidal gauge (historical),27.6387/-82.5621,2027-09-15 11:38:54.728033,8726384,2.08575,,Olivia
PORT MANATEE,tidal gauge (historical),27.6387/-82.5621,2027-09-18 17:42:25.606695,8726384,10.19115,7.2549,Olivia
PORT MANATEE,tidal gauge (historical),27.6387/-82.5621,2027-09-18 18:54:43.682008,8726384,10.771650000000001,7.835400000000001,Olivia
PORT MANATEE,tidal gauge (historical),27.6387/-82.5621,2027-09-16 11:12:48.200837,8726384,4.482,,Olivia
PORT MANATEE,tidal gauge (historical),27.6387/-82.5621,2027-09-17 17:44:26.108787,8726384,4.90725,,Olivia
PORT MANATEE,tidal gauge (historical),27.6387/-82.5621,2027-09-18 14:37:39.414226,8726384,7.375050000000001,4.43745,Olivia
PORT MANATEE,tidal gauge (historical),27.6387/-82.5621,2027-09-17 13:51:27.866109,8726384,4.46445,,Olivia
PORT MANATEE,tidal gauge (historical),27.6387/-82.5621,2027-09-15 09:22:20.585774,8726384,3.01185,,Olivia
PORT MANATEE,tidal gauge (historical),27.6387/-82.5621,2027-09-18 02:02:30.627615,8726384,5.8725,,Olivia
PORT MANATEE,tidal gauge (historical),27.6387/-82.5621,2027-09-15 00:08:02.008368,8726384,4.3267500000000005,,Olivia
PORT MANATEE,tidal gauge (historical),27.6387/-82.5621,2027-09-15 06:25:36.401674,8726384,4.194450000000001,,Olivia
PORT MANATEE,tidal gauge (historical),27.6387/-82.5621,2027-09-16 16:50:12.552301,8726384,4.31865,,Olivia
PORT MANATEE,tidal gauge (historical),27.6387/-82.5621,2027-09-16 18:58:44.686192,8726384,3.5073,,Olivia
PORT MANATEE,tidal gauge (historical),27.6387/-82.5621,2027-09-18 21:11:17.824268,8726384,10.837800000000001,7.90155,Olivia
PORT MANATEE,tidal gauge (historical),27.6387/-82.5621,2027-09-16 12:57:14.309623,8726384,4.82355,,Olivia
PORT MANATEE,tidal gauge (historical),27.6387/-82.5621,2027-09-18 18:22:35.648536,8726384,10.571850000000001,7.6356,Olivia
PORT MANATEE,tidal gauge (historical),27.6387/-82.5621,2027-09-16 14:57:44.435146,8726384,4.646700000000001,,Olivia
PORT MANATEE,tidal gauge (historical),27.6387/-82.5621,2027-09-18 16:38:09.539749,8726384,9.30555,6.3693,Olivia
PORT MANATEE,tidal gauge (historical),27.6387/-82.5621,2027-09-18 04:03:00.753138,8726384,5.749650000000001,2.8120500000000006,Olivia
PORT MANATEE,tidal gauge (historical),27.6387/-82.5621,2027-09-16 23:07:46.945607,8726384,2.0412000000000003,,Olivia
PORT MANATEE,tidal gauge (historical),27.6387/-82.5621,2027-09-16 06:15:33.891213,8726384,3.9690000000000003,,Olivia
PORT MANATEE,tidal gauge (historical),27.6387/-82.5621,2027-09-17 06:29:37.405858,8726384,3.2022,,Olivia
PORT MANATEE,tidal gauge (historical),27.6387/-82.5621,2027-09-16 02:22:35.648536,8726384,3.5262000000000002,,Olivia
PORT MANATEE,tidal gauge (historical),27.6387/-82.5621,2027-09-17 11:42:55.732218,8726384,4.229550000000001,,Olivia
PORT MANATEE,tidal gauge (historical),27.6387/-82.5621,2027-09-16 12:09:02.259414,8726384,4.7034,,Olivia
PORT MANATEE,tidal gauge (historical),27.6387/-82.5621,2027-09-18 23:03:45.941423,8726384,9.437850000000001,6.5016,Olivia
PORT MANATEE,tidal gauge (historical),27.6387/-82.5621,2027-09-16 04:23:05.774059,8726384,3.8137500000000006,,Olivia
PORT MANATEE,tidal gauge (historical),27.6387/-82.5621,2027-09-16 04:55:13.807531,8726384,3.8583000000000003,,Olivia
PORT MANATEE,tidal gauge (historical),27.6387/-82.5621,2027-09-18 03:06:46.694561,8726384,5.788800000000001,,Olivia
PORT MANATEE,tidal gauge (historical),27.6387/-82.5621,2027-09-18 15:41:55.481172,8726384,8.397,5.46075,Olivia
PORT MANATEE,tidal gauge (historical),27.6387/-82.5621,2027-09-16 09:52:28.117155,8726384,4.34565,,Olivia
PORT MANATEE,tidal gauge (historical),27.6387/-82.5621,2027-09-15 00:48:12.050209,8726384,4.43745,,Olivia
PORT MANATEE,tidal gauge (historical),27.6387/-82.5621,2027-09-16 18:50:42.677824,8726384,3.55185,,Olivia
PORT MANATEE,tidal gauge (historical),27.6387/-82.5621,2027-09-16 22:19:34.895397,8726384,2.3436000000000003,,Olivia
PORT MANATEE,tidal gauge (historical),27.6387/-82.5621,2027-09-17 01:56:29.121339,8726384,2.1087000000000002,,Olivia
PORT MANATEE,tidal gauge (historical),27.6387/-82.5621,2027-09-18 11:40:55.230126,8726384,5.57685,2.63925,Olivia
PORT MANATEE,tidal gauge (historical),27.6387/-82.5621,2027-09-18 18:30:37.656904,8726384,10.647450000000001,7.7112,Olivia
PORT MANATEE,tidal gauge (historical),27.6387/-82.5621,2027-09-18 04:11:02.761506,8726384,5.7307500000000005,2.7944999999999998,Olivia
PORT MANATEE,tidal gauge (historical),27.6387/-82.5621,2027-09-18 13:01:15.313808,8726384,6.3909,3.4546500000000004,Olivia
PORT MANATEE,tidal gauge (historical),27.6387/-82.5621,2027-09-18 11:00:45.188285,8726384,5.00985,2.07225,Olivia
PORT MANATEE,tidal gauge (historical),27.6387/-82.5621,2027-09-18 04:35:08.786611,8726384,5.61195,2.6757,Olivia
PORT MANATEE,tidal gauge (historical),27.6387/-82.5621,2027-09-16 15:21:50.460251,8726384,4.60215,,Olivia
PORT MANATEE,tidal gauge (historical),27.6387/-82.5621,2027-09-18 22:31:37.907950,8726384,9.7794,6.8431500000000005,Olivia
PORT MANATEE,tidal gauge (historical),27.6387/-82.5621,2027-09-18 06:35:38.912134,8726384,5.1948,2.25855,Olivia
PORT MANATEE,tidal gauge (historical),27.6387/-82.5621,2027-09-17 21:05:16.317992,8726384,5.5363500000000005,,Olivia
PORT MANATEE,tidal gauge (historical),27.6387/-82.5621,2027-09-17 15:43:55.983264,8726384,4.548150000000001,,Olivia
PORT MANATEE,tidal gauge (historical),27.6387/-82.5621,2027-09-18 19:02:45.690377,8726384,10.84185,7.905600000000001,Olivia
PORT MANATEE,tidal gauge (historical),27.6387/-82.5621,2027-09-18 07:47:56.987448,8726384,5.049,2.11275,Olivia
PORT MANATEE,tidal gauge (historical),27.6387/-82.5621,2027-09-16 16:02:00.502092,8726384,4.495500000000001,,Olivia
PORT MANATEE,tidal gauge (historical),27.6387/-82.5621,2027-09-17 16:24:06.025105,8726384,4.6777500000000005,,Olivia
PORT MANATEE,tidal gauge (historical),27.6387/-82.5621,2027-09-17 22:25:36.401674,8726384,5.79825,,Olivia
PORT MANATEE,tidal gauge (historical),27.6387/-82.5621,2027-09-18 01:38:24.602510,8726384,5.917050000000001,,Olivia
PORT MANATEE,tidal gauge (historical),27.6387/-82.5621,2027-09-15 04:57:14.309623,8726384,4.548150000000001,,Olivia
PORT MANATEE,tidal gauge (historical),27.6387/-82.5621,2027-09-15 13:23:20.836820,8726384,1.57275,,Olivia
